id,trilha,curso,aula,tipo,prioridade,status,ordem_sugerida,observacoes
1,Fundamentos em Redes,036 - Como Estudar Redes do Zero,01 - CONVERSA INICIAL,aula,1,concluido,1,Curso em 25%
2,Fundamentos em Redes,036 - Como Estudar Redes do Zero,02 - POR ONDE COMEÇAR,aula,1,concluido,2,Curso em 25%
3,Fundamentos em Redes,036 - Como Estudar Redes do Zero,03 - COMO FAZER UM CRONOGRAMA DE ESTUDOS,aula,1,estudando,3,Curso em 25%
4,Fundamentos em Redes,036 - Como Estudar Redes do Zero,CRONOGRAMA DE ESTUDOS,material,1,estudando,4,Usar como base deste projeto
5,Fundamentos em Redes,036 - Como Estudar Redes do Zero,04 - TÉCNICAS DE ESTUDO,aula,1,nao_iniciado,5,
6,Fundamentos em Redes,036 - Como Estudar Redes do Zero,05 - REVISÃO OSI TCP/IP,aula,1,nao_iniciado,6,
7,Fundamentos em Redes,036 - Como Estudar Redes do Zero,06 - REVISÃO DE IP E NETMASK,aula,1,nao_iniciado,7,
8,Fundamentos em Redes,036 - Como Estudar Redes do Zero,Pesquisa Como Estudar Redes do Zero,pesquisa,1,nao_iniciado,8,
9,Infraestrutura e Virtualizacao,038 - Laboratório Virtual do Zero,DOWNLOAD DO VMWARE PLAYER,download,3,nao_iniciado,60,Nao priorizar antes da base
10,Infraestrutura e Virtualizacao,038 - Laboratório Virtual do Zero,01 - CONVERSA INICIAL,aula,3,nao_iniciado,61,
11,Infraestrutura e Virtualizacao,038 - Laboratório Virtual do Zero,02 - FORMAS DE UTILIZAR UM LAB,aula,3,nao_iniciado,62,
12,Infraestrutura e Virtualizacao,038 - Laboratório Virtual do Zero,03 - EXEMPLOS DE SOFTWARE PARA LAB,aula,3,nao_iniciado,63,
13,Infraestrutura e Virtualizacao,038 - Laboratório Virtual do Zero,04 - INSTALANDO O EVE-NG EM UMA VM,aula,3,nao_iniciado,64,
14,Infraestrutura e Virtualizacao,038 - Laboratório Virtual do Zero,05 - ADICIONANDO IMAGENS NO EVE-NG,aula,3,nao_iniciado,65,
15,Infraestrutura e Virtualizacao,038 - Laboratório Virtual do Zero,06 - INSTALANDO VM DO PNETLAB,aula,3,nao_iniciado,66,
16,Infraestrutura e Virtualizacao,038 - Laboratório Virtual do Zero,07 - LABORATORIOS AVANÇADOS,aula,3,nao_iniciado,67,
17,Infraestrutura e Virtualizacao,038 - Laboratório Virtual do Zero,Pesquisa Laboratório Virtual do Zero,pesquisa,3,nao_iniciado,68,
18,Infraestrutura e Virtualizacao,040 - Laboratório Virtual Avançado,01 - INTRODUÇÃO,aula,4,nao_iniciado,90,Avancado
19,Infraestrutura e Virtualizacao,040 - Laboratório Virtual Avançado,02 - IMAGEM PERSONALIZADA DE MIKROTIK,aula,4,nao_iniciado,91,Avancado
20,Infraestrutura e Virtualizacao,040 - Laboratório Virtual Avançado,QUIZ - 02 - IMAGEM PERSONALIZADA DE MIKROTIK,quiz,4,nao_iniciado,92,Avancado
21,Infraestrutura e Virtualizacao,040 - Laboratório Virtual Avançado,03 - IMAGEM PERSONALIZADA DE LINUX,aula,4,nao_iniciado,93,Avancado
22,Infraestrutura e Virtualizacao,040 - Laboratório Virtual Avançado,QUIZ - 03 - IMAGEM PERSONALIZADA DE LINUX,quiz,4,nao_iniciado,94,Avancado
23,Infraestrutura e Virtualizacao,040 - Laboratório Virtual Avançado,04 - LABORATÓRIO AVANÇADO DE BGP,aula,4,nao_iniciado,95,Avancado
24,Infraestrutura e Virtualizacao,040 - Laboratório Virtual Avançado,QUIZ - 04 - LABORATÓRIO AVANÇADO DE BGP,quiz,4,nao_iniciado,96,Avancado
25,Infraestrutura e Virtualizacao,040 - Laboratório Virtual Avançado,SCRIPTS DOS LINKS,material,4,nao_iniciado,97,Avancado
26,MikroTik Inicial,Curso de Redes Grátis 2.0,Apresentação Inicial,aula,2,nao_iniciado,20,
27,MikroTik Inicial,Curso de Redes Grátis 2.0,O que são RouterBoards,aula,2,nao_iniciado,21,
28,MikroTik Inicial,Curso de Redes Grátis 2.0,Conhecendo Alguns Modelos de RouterBoards,aula,2,nao_iniciado,22,
29,MikroTik Inicial,Curso de Redes Grátis 2.0,Conhecendo o RouterOS,aula,2,nao_iniciado,23,
30,MikroTik Inicial,Curso de Redes Grátis 2.0,Download do Laboratório,download,2,nao_iniciado,24,
31,MikroTik Inicial,Curso de Redes Grátis 2.0,01 - Conhecendo o Roteador,aula,2,nao_iniciado,25,
32,MikroTik Inicial,Curso de Redes Grátis 2.0,02 - Primeiro Acesso,aula,2,nao_iniciado,26,
33,MikroTik Inicial,Curso de Redes Grátis 2.0,03 - Configurando Redes Local + DHCP,aula,2,nao_iniciado,27,
34,MikroTik Inicial,Curso de Redes Grátis 2.0,04 - Ativando Link de Internet PPPoE + NAT,aula,2,nao_iniciado,28,
35,MikroTik Inicial,Curso de Redes Grátis 2.0,05 - Como e Porque Atualizar o Roteador,aula,2,nao_iniciado,29,
36,MikroTik Inicial,Curso de Redes Grátis 2.0,06 - Segurança Básica (IP Services),aula,2,nao_iniciado,30,
37,MikroTik Inicial,Curso de Redes Grátis 2.0,07 - Segurança Avançada (Firewall),aula,2,nao_iniciado,31,
38,MikroTik Inicial,Curso de Redes Grátis 2.0,08 - O que é e Como Configurar Bridge,aula,2,nao_iniciado,32,
39,MikroTik Inicial,Curso de Redes Grátis 2.0,09 - Ativando o Link 2 (DHCP) + Rotas,aula,2,nao_iniciado,33,
40,MikroTik Inicial,Curso de Redes Grátis 2.0,10 - Ativando o Link 3 (Config. Estática),aula,2,nao_iniciado,34,
41,MikroTik Inicial,Curso de Redes Grátis 2.0,11 - Script de Failover de Links,aula,3,nao_iniciado,69,
42,MikroTik Inicial,Curso de Redes Grátis 2.0,12 - Como Fazer Backup,aula,2,nao_iniciado,35,
43,MikroTik Inicial,Curso de MikroTik Grátis,APOSTILA DO CURSO,material,2,nao_iniciado,36,
44,MikroTik Inicial,Curso de MikroTik Grátis,01 - APRESENTAÇÃO INICIAL,aula,2,nao_iniciado,37,
45,MikroTik Inicial,Curso de MikroTik Grátis,02 - O QUE SÃO ROUTERBOARDS,aula,2,nao_iniciado,38,
46,MikroTik Inicial,Curso de MikroTik Grátis,03 - CONHECENDO ALGUNS MODELOS DE ROUTERBOARDS,aula,2,nao_iniciado,39,
47,MikroTik Inicial,Curso de MikroTik Grátis,04 - CONHECENDO O ROUTEROS,aula,2,nao_iniciado,40,
48,MikroTik Inicial,Curso de MikroTik Grátis,05 - PRIMEIRO ACESSO AO ROTEADOR,aula,2,nao_iniciado,41,
49,MikroTik Inicial,Curso de MikroTik Grátis,06 - RESETANDO O ROTEADOR,aula,2,nao_iniciado,42,
50,MikroTik Inicial,Curso de MikroTik Grátis,DOWNLOAD DO LABORATÓRIO,download,2,nao_iniciado,43,
51,MikroTik Inicial,Curso de MikroTik Grátis,07 - TOPOLOGIA E IDENTIFICAÇÃO,aula,2,nao_iniciado,44,
52,MikroTik Inicial,Curso de MikroTik Grátis,08 - LAB 1,aula,2,nao_iniciado,45,
53,MikroTik Inicial,Curso de MikroTik Grátis,09 - LAB 2,aula,2,nao_iniciado,46,
54,MikroTik Inicial,Curso de MikroTik Grátis,10 - LAB 3,aula,2,nao_iniciado,47,
55,MikroTik Inicial,Curso de MikroTik Grátis,11 - LAB 4,aula,2,nao_iniciado,48,
56,MikroTik Inicial,Curso de MikroTik Grátis,12 - CONCLUSÃO LAB 4,aula,2,nao_iniciado,49,
57,MikroTik Inicial,Curso de MikroTik Grátis,PROVA,simulado,2,nao_iniciado,50,
58,MikroTik Pratico,Curso MikroTik do Zero,FORMULÁRIO DE CHECKIN OBRIGATÓRIO PARA A EMISSÃO DE CERTIFICADO AO FINAL DO CURSO!,formulario,2,nao_iniciado,51,
59,MikroTik Pratico,Curso MikroTik do Zero,APOSTILA - AULA 1,material,2,nao_iniciado,52,
60,MikroTik Pratico,Curso MikroTik do Zero,1 - CONFIGURAÇÃO INICIAL FIREWALL E NAT,aula,2,nao_iniciado,53,
61,MikroTik Pratico,Curso MikroTik do Zero,APOSTILA - AULA 2,material,3,nao_iniciado,70,
62,MikroTik Pratico,Curso MikroTik do Zero,2 - FAILOVER E LOADBALANCE,aula,3,nao_iniciado,71,
63,MikroTik Pratico,Curso MikroTik do Zero,APOSTILA - AULA 3,material,3,nao_iniciado,72,
64,MikroTik Pratico,Curso MikroTik do Zero,3 - VLANS E IPV6,aula,3,nao_iniciado,73,
65,MikroTik Pratico,Curso MikroTik do Zero,APOSTILA - AULA 4,material,3,nao_iniciado,74,
66,MikroTik Pratico,Curso MikroTik do Zero,4 - VPNS E WI-FI,aula,3,nao_iniciado,75,
67,MikroTik Pratico,Curso MikroTik do Zero,ÚLTIMO PASSO!!,formulario,3,nao_iniciado,76,
68,Roteamento e VLANs,Curso Roteamento e VLANs,APOSTILA AULA 1,material,3,nao_iniciado,77,
69,Roteamento e VLANs,Curso Roteamento e VLANs,01 - CONFIGURAÇÃO INICIAL DE MIKROTIK HUAWEI E CISCO,aula,3,nao_iniciado,78,
70,Roteamento e VLANs,Curso Roteamento e VLANs,APOSTILA AULA 2,material,3,nao_iniciado,79,
71,Roteamento e VLANs,Curso Roteamento e VLANs,02 - CONFIGURAÇÃO DE VLANS,aula,3,nao_iniciado,80,
72,Roteamento e VLANs,Curso Roteamento e VLANs,APOSTILA AULA 3,material,3,nao_iniciado,81,
73,Roteamento e VLANs,Curso Roteamento e VLANs,03 - ROTEAMENTO ESTÁTICO,aula,3,nao_iniciado,82,
74,Roteamento e VLANs,Curso Roteamento e VLANs,APOSTILA AULA 4,material,3,nao_iniciado,83,
75,Roteamento e VLANs,Curso Roteamento e VLANs,04 - ROTEAMENTO DINAMICO COM OSPF,aula,3,nao_iniciado,84,
76,Switching,010 - Switches MikroTik,AULA DE SWITCHES MIKROTIK,aula,3,nao_iniciado,85,
77,Switching,010 - Switches MikroTik,QUIZ - 001 SWITCHES MIKROTIK DO ZERO,quiz,3,nao_iniciado,86,
78,IPv6,016 - IPv6 do Zero,1 - INTRODUÇÃO,aula,4,nao_iniciado,98,Depois de IPv4 estar firme
79,IPv6,016 - IPv6 do Zero,QUIZ - AULA 01,quiz,4,nao_iniciado,99,
80,IPv6,016 - IPv6 do Zero,2 - MÁSCARA DE REDE E ENTREGA DE ENDEREÇO IPV6,aula,4,nao_iniciado,100,
81,IPv6,016 - IPv6 do Zero,QUIZ - AULA 02,quiz,4,nao_iniciado,101,
82,IPv6,016 - IPv6 do Zero,3 - TIPOS DE ENDEREÇOS IPV6,aula,4,nao_iniciado,102,
83,IPv6,016 - IPv6 do Zero,QUIZ - AULA 03,quiz,4,nao_iniciado,103,
